state,set,source_dir,drone_file,pad_file,texture_file,pulse_file,role_file_count,duration_each_s,sample_rate_hz,channels,flac_bit_depth
anx,set_01,assets/audio/core_states/anx/set_01,core_anx_drone.flac,core_anx_pad.flac,core_anx_texrure.flac,core_anx_pulse.flac,4,295.238,48000,2,24
anx,set_02,assets/audio/core_states/anx/set_02,core_anx_drone.flac,core_anx_pad.flac,core_anx_texrure.flac,core_anx_pulse.flac,4,295.238,48000,2,24
anx,set_03,assets/audio/core_states/anx/set_03,core_anx_drone.flac,core_anx_pad.flac,core_anx_texrure.flac,core_anx_pulse.flac,4,295.238,48000,2,24
calmness,set_01,assets/audio/core_states/calmness/set_01,core_calm_drone.flac,core_calm_pad.flac,core_calm_texture.flac,core_calm_pulse.flac,4,285.714,48000,2,24
calmness,set_02,assets/audio/core_states/calmness/set_02,core_calm_drone.flac,core_calm_pad.flac,core_calm_texture.flac,core_calm_pulse.flac,4,285.714,48000,2,24
calmness,set_03,assets/audio/core_states/calmness/set_03,core_calm_drone.flac,core_calm_pad.flac,core_calm_texture.flac,core_calm_pulse.flac,4,285.714,48000,2,24
energy,set_01,assets/audio/core_states/energy/set_01,core_energy_drone.flac,core_energy_pad.flac,core_energy_texture.flac,core_energy_pulse.flac,4,289.524,48000,2,24
energy,set_02,assets/audio/core_states/energy/set_02,core_energy_drone.flac,core_energy_pad.flac,core_energy_texture.flac,core_energy_pulse.flac,4,289.524,48000,2,24
energy,set_03,assets/audio/core_states/energy/set_03,core_energy_drone.flac,core_energy_pad.flac,core_energy_texture.flac,core_energy_pulse.flac,4,289.524,48000,2,24
focus,set_01,assets/audio/core_states/focus/set_01,core_focus_drone.flac,core_focus_pad.flac,core_forus_texture.flac,core_focus_pulse.flac,4,285.714,48000,2,24
focus,set_02,assets/audio/core_states/focus/set_02,core_focus_drone.flac,core_focus_pad.flac,core_forus_texture.flac,core_focus_pulse.flac,4,285.714,48000,2,24
focus,set_03,assets/audio/core_states/focus/set_03,core_focus_drone.flac,core_focus_pad.flac,core_forus_texture.flac,core_focus_pulse.flac,4,285.714,48000,2,24
mood,set_01,assets/audio/core_states/mood/set_01,core_mood_drone.flac,core_mood_pad.flac,core_mood_texture.flac,core_mood_pulse.flac,4,304.762,48000,2,24
mood,set_02,assets/audio/core_states/mood/set_02,core_mood_drone.flac,core_mood_pad.flac,core_mood_texture.flac,core_mood_pulse.flac,4,304.762,48000,2,24
mood,set_03,assets/audio/core_states/mood/set_03,core_mood_drone.flac,core_mood_pad.flac,core_mood_texture.flac,core_mood_pulse.flac,4,304.762,48000,2,24
sadness,set_01,assets/audio/core_states/sadness/set_01,core_sadness_drone.flac,core_sadness_pad.flac,core_sadness_texture.flac,core_sadness_pulse.flac,4,288.214,48000,2,24
sadness,set_02,assets/audio/core_states/sadness/set_02,core_sadness_drone.flac,core_sadness_pad.flac,core_sadness_texture.flac,core_sadness_pulse.flac,4,287.857,48000,2,24
sadness,set_03,assets/audio/core_states/sadness/set_03,core_sadness_drone.flac,core_sadness_pad.flac,core_sadness_texture.flac,core_sadness_pulse.flac,4,288.095,48000,2,24
sleep,set_01,assets/audio/core_states/sleep/set_01,core_sleep_drone.flac,core_sleep_pad.flac,core_sleep_texture.flac,,3,300.000,48000,2,24
sleep,set_02,assets/audio/core_states/sleep/set_02,core_sleep_drone.flac,core_sleep_pad.flac,core_sleep_texture.flac,,3,300.000,48000,2,24
sleep,set_03,assets/audio/core_states/sleep/set_03,core_sleep_drone.flac,core_sleep_pad.flac,core_sleep_texture.flac,core_sleep_pulse.flac,4,300.000,48000,2,24
stress,set_01,assets/audio/core_states/stress/set_01,core_stress_drone.flac,core_stress_pad.flac,core_stress_texture.flac,core_stress_pulse.flac,4,304.762,48000,2,24
stress,set_02,assets/audio/core_states/stress/set_02,core_stress_drone.flac,core_stress_pad.flac,core_stress_texture.flac,core_stress_pulse.flac,4,304.762,48000,2,24
stress,set_03,assets/audio/core_states/stress/set_03,core_stress_drone.flac,core_stress_pad.flac,core_stress_texture.flac,core_stress_pulse.flac,4,304.762,48000,2,24
